Location,YearMonth,Rainfall
Adelaide,2015-01,41.6
Adelaide,2015-02,0.6
Adelaide,2015-03,2.4
Adelaide,2015-04,57.400000000000006
Adelaide,2015-05,71.8
Adelaide,2015-06,15.4
Adelaide,2015-07,73.6
Adelaide,2015-08,48.4
Adelaide,2015-09,52.2
Adelaide,2015-10,9.0
Adelaide,2015-11,9.8
Adelaide,2015-12,13.0
Adelaide,2016-01,52.800000000000004
Adelaide,2016-02,18.4
Adelaide,2016-03,53.800000000000004
Adelaide,2016-04,9.6
Adelaide,2016-05,88.0
Adelaide,2016-06,95.2
Adelaide,2016-07,112.0
Adelaide,2016-08,58.8
Adelaide,2016-09,131.2
Adelaide,2016-10,81.0
Adelaide,2016-11,33.199999999999996
Adelaide,2016-12,86.8
Adelaide,2017-01,47.2
Adelaide,2017-02,33.4
Adelaide,2017-03,39.400000000000006
Adelaide,2017-04,33.2
Adelaide,2017-05,51.2
Adelaide,2017-06,1.9999999999999998
Albany,2015-01,5.3999999999999995
Albany,2015-02,20.900000000000002
Albany,2015-03,35.6
Albany,2015-04,77.8
Albany,2015-05,57.7
Albany,2015-06,49.0
Albany,2015-07,89.4
Albany,2015-08,101.0
Albany,2015-09,52.900000000000006
Albany,2015-10,59.5
Albany,2015-11,17.099999999999998
Albany,2015-12,50.0
Albany,2016-01,73.8
Albany,2016-02,21.7
Albany,2016-03,44.2
Albany,2016-04,94.6
Albany,2016-05,97.9
Albany,2016-06,120.3
Albany,2016-07,122.6
Albany,2016-08,117.1
Albany,2016-09,102.8
Albany,2016-10,62.8
Albany,2016-11,22.599999999999998
Albany,2016-12,34.1
Albany,2017-01,3.6
Albany,2017-02,52.2
Albany,2017-03,29.0
Albany,2017-04,50.3
Albany,2017-05,67.0
Albany,2017-06,43.6
Albury,2015-01,96.8
Albury,2015-02,35.199999999999996
Albury,2015-03,4.8
Albury,2015-04,83.39999999999999
Albury,2015-05,45.4
Albury,2015-06,83.6
Albury,2015-07,43.6
Albury,2015-08,90.39999999999999
Albury,2015-09,27.4
Albury,2015-10,10.600000000000001
Albury,2015-11,66.2
Albury,2015-12,34.2
Albury,2016-01,68.39999999999999
Albury,2016-02,29.400000000000002
Albury,2016-03,29.8
Albury,2016-04,16.4
Albury,2016-05,107.8
Albury,2016-06,86.0
Albury,2016-07,116.8
Albury,2016-08,74.4
Albury,2016-09,142.20000000000002
Albury,2016-10,61.4
Albury,2016-11,49.6
Albury,2016-12,22.8
Albury,2017-01,45.4
Albury,2017-02,12.0
Albury,2017-03,3.6000000000000005
Albury,2017-04,72.6
Albury,2017-05,45.400000000000006
Albury,2017-06,6.200000000000001
AliceSprings,2015-01,195.2
AliceSprings,2015-02,0.0
AliceSprings,2015-03,0.0
AliceSprings,2015-04,7.6
AliceSprings,2015-05,0.0
AliceSprings,2015-06,2.4
AliceSprings,2015-07,0.0
AliceSprings,2015-08,0.4
AliceSprings,2015-09,0.0
AliceSprings,2015-10,0.0
AliceSprings,2015-11,23.799999999999997
AliceSprings,2015-12,119.8
AliceSprings,2016-01,40.0
AliceSprings,2016-02,26.4
AliceSprings,2016-03,16.2
AliceSprings,2016-04,0.0
AliceSprings,2016-05,56.8
AliceSprings,2016-06,28.0
AliceSprings,2016-07,0.0
AliceSprings,2016-08,20.4
AliceSprings,2016-09,49.2
AliceSprings,2016-10,3.4
AliceSprings,2016-11,7.0
AliceSprings,2016-12,125.8
AliceSprings,2017-01,73.2
AliceSprings,2017-02,4.4
AliceSprings,2017-03,0.0
AliceSprings,2017-04,0.2
AliceSprings,2017-05,0.0
AliceSprings,2017-06,0.0
BadgerysCreek,2015-01,145.0
BadgerysCreek,2015-02,34.0
BadgerysCreek,2015-03,55.800000000000004
BadgerysCreek,2015-04,253.4
BadgerysCreek,2015-05,52.6
BadgerysCreek,2015-06,62.00000000000001
BadgerysCreek,2015-07,36.0
BadgerysCreek,2015-08,46.6
BadgerysCreek,2015-09,10.8
BadgerysCreek,2015-10,58.2
BadgerysCreek,2015-11,65.2
BadgerysCreek,2015-12,0.0
BadgerysCreek,2016-01,155.4
BadgerysCreek,2016-02,12.8
BadgerysCreek,2016-03,31.599999999999998
BadgerysCreek,2016-04,10.4
BadgerysCreek,2016-05,11.8
BadgerysCreek,2016-06,250.4
BadgerysCreek,2016-07,44.6
BadgerysCreek,2016-08,58.6
BadgerysCreek,2016-09,54.8
BadgerysCreek,2016-10,14.200000000000001
BadgerysCreek,2016-11,9.8
BadgerysCreek,2016-12,10.2
BadgerysCreek,2017-01,23.6
BadgerysCreek,2017-02,93.0
BadgerysCreek,2017-03,285.4
BadgerysCreek,2017-04,27.6
BadgerysCreek,2017-05,15.6
BadgerysCreek,2017-06,55.4
Ballarat,2015-01,77.80000000000001
Ballarat,2015-02,53.0
Ballarat,2015-03,34.8
Ballarat,2015-04,32.8
Ballarat,2015-05,38.8
Ballarat,2015-06,27.6
Ballarat,2015-07,62.0
Ballarat,2015-08,38.6
Ballarat,2015-09,42.800000000000004
Ballarat,2015-10,3.8
Ballarat,2015-11,14.8
Ballarat,2015-12,26.2
Ballarat,2016-01,39.4
Ballarat,2016-02,9.6
Ballarat,2016-03,36.6
Ballarat,2016-04,13.8
Ballarat,2016-05,71.4
Ballarat,2016-06,70.6
Ballarat,2016-07,93.4
Ballarat,2016-08,63.6
Ballarat,2016-09,178.2
Ballarat,2016-10,102.4
Ballarat,2016-11,34.0
Ballarat,2016-12,27.599999999999998
Ballarat,2017-01,38.6
Ballarat,2017-02,44.199999999999996
Ballarat,2017-03,44.4
Ballarat,2017-04,101.0
Ballarat,2017-05,44.0
Ballarat,2017-06,7.4
Bendigo,2015-01,57.199999999999996
Bendigo,2015-02,9.6
Bendigo,2015-03,9.0
Bendigo,2015-04,28.2
Bendigo,2015-05,47.0
Bendigo,2015-06,36.6
Bendigo,2015-07,52.8
Bendigo,2015-08,23.2
Bendigo,2015-09,30.599999999999998
Bendigo,2015-10,14.200000000000001
Bendigo,2015-11,34.400000000000006
Bendigo,2015-12,14.2
Bendigo,2016-01,32.4
Bendigo,2016-02,4.4
Bendigo,2016-03,33.4
Bendigo,2016-04,14.8
Bendigo,2016-05,83.0
Bendigo,2016-06,57.4
Bendigo,2016-07,91.8
Bendigo,2016-08,81.0
Bendigo,2016-09,153.4
Bendigo,2016-10,58.4
Bendigo,2016-11,37.6
Bendigo,2016-12,29.2
Bendigo,2017-01,43.0
Bendigo,2017-02,29.4
Bendigo,2017-03,45.800000000000004
Bendigo,2017-04,113.2
Bendigo,2017-05,27.8
Bendigo,2017-06,2.2
Brisbane,2015-01,322.40000000000003
Brisbane,2015-02,274.8
Brisbane,2015-03,161.4
Brisbane,2015-04,146.20000000000002
Brisbane,2015-05,248.79999999999998
Brisbane,2015-06,34.6
Brisbane,2015-07,9.2
Brisbane,2015-08,27.6
Brisbane,2015-09,54.199999999999996
Brisbane,2015-10,55.800000000000004
Brisbane,2015-11,74.2
Brisbane,2015-12,36.2
Brisbane,2016-01,51.4
Brisbane,2016-02,13.8
Brisbane,2016-03,117.4
Brisbane,2016-04,12.8
Brisbane,2016-05,27.6
Brisbane,2016-06,264.8
Brisbane,2016-07,28.2
Brisbane,2016-08,31.6
Brisbane,2016-09,51.8
Brisbane,2016-10,30.2
Brisbane,2016-11,28.0
Brisbane,2016-12,102.0
Brisbane,2017-01,218.4
Brisbane,2017-02,30.6
Brisbane,2017-03,189.6
Brisbane,2017-04,5.800000000000001
Brisbane,2017-05,36.199999999999996
Brisbane,2017-06,74.8
Cairns,2015-01,210.8
Cairns,2015-02,596.2
Cairns,2015-03,241.2
Cairns,2015-04,83.2
Cairns,2015-05,27.4
Cairns,2015-06,177.6
Cairns,2015-07,25.0
Cairns,2015-08,17.0
Cairns,2015-09,13.0
Cairns,2015-10,64.8
Cairns,2015-11,92.39999999999999
Cairns,2015-12,348.0
Cairns,2016-01,288.8
Cairns,2016-02,136.0
Cairns,2016-03,258.2
Cairns,2016-04,152.8
Cairns,2016-05,180.0
Cairns,2016-06,66.60000000000001
Cairns,2016-07,85.0
Cairns,2016-08,41.800000000000004
Cairns,2016-09,49.0
Cairns,2016-10,70.6
Cairns,2016-11,17.6
Cairns,2016-12,60.0
Cairns,2017-01,374.8
Cairns,2017-02,483.8
Cairns,2017-03,121.2
Cairns,2017-04,183.2
Cairns,2017-05,72.4
Cairns,2017-06,20.8
Canberra,2015-01,97.0
Canberra,2015-02,30.2
Canberra,2015-03,12.4
Canberra,2015-04,91.8
Canberra,2015-05,12.200000000000001
Canberra,2015-06,55.2
Canberra,2015-07,37.199999999999996
Canberra,2015-08,66.8
Canberra,2015-09,13.6
Canberra,2015-10,26.599999999999998
Canberra,2015-11,67.6
Canberra,2015-12,35.0
Canberra,2016-01,106.4
Canberra,2016-02,23.4
Canberra,2016-03,28.400000000000002
Canberra,2016-04,6.800000000000001
Canberra,2016-05,47.6
Canberra,2016-06,144.20000000000002
Canberra,2016-07,71.0
Canberra,2016-08,46.2
Canberra,2016-09,149.2
Canberra,2016-10,43.6
Canberra,2016-11,56.8
Canberra,2016-12,64.6
Canberra,2017-01,8.4
Canberra,2017-02,20.6
Canberra,2017-03,85.2
Canberra,2017-04,31.6
Canberra,2017-05,34.2
Canberra,2017-06,2.2
Cobar,2015-01,61.4
Cobar,2015-02,17.0
Cobar,2015-03,0.0
Cobar,2015-04,19.8
Cobar,2015-05,68.0
Cobar,2015-06,54.0
Cobar,2015-07,32.6
Cobar,2015-08,22.599999999999998
Cobar,2015-09,6.2
Cobar,2015-10,14.200000000000001
Cobar,2015-11,56.6
Cobar,2015-12,23.2
Cobar,2016-01,21.6
Cobar,2016-02,1.8
Cobar,2016-03,68.0
Cobar,2016-04,39.4
Cobar,2016-05,75.6
Cobar,2016-06,107.6
Cobar,2016-07,32.8
Cobar,2016-08,60.400000000000006
Cobar,2016-09,102.2
Cobar,2016-10,20.4
Cobar,2016-11,21.4
Cobar,2016-12,30.8
Cobar,2017-01,32.6
Cobar,2017-02,3.0
Cobar,2017-03,24.0
Cobar,2017-04,13.799999999999999
Cobar,2017-05,32.2
Cobar,2017-06,3.1999999999999997
CoffsHarbour,2015-01,0.0
CoffsHarbour,2015-02,494.5
CoffsHarbour,2015-03,244.60000000000002
CoffsHarbour,2015-04,176.1
CoffsHarbour,2015-05,280.59999999999997
CoffsHarbour,2015-06,52.0
CoffsHarbour,2015-07,29.0
CoffsHarbour,2015-08,25.5
CoffsHarbour,2015-09,81.5
CoffsHarbour,2015-10,35.9
CoffsHarbour,2015-11,153.3
CoffsHarbour,2015-12,184.9
CoffsHarbour,2016-01,97.0
CoffsHarbour,2016-02,31.5
CoffsHarbour,2016-03,72.7
CoffsHarbour,2016-04,116.3
CoffsHarbour,2016-05,3.5
CoffsHarbour,2016-06,340.5
CoffsHarbour,2016-07,22.7
CoffsHarbour,2016-08,176.9
CoffsHarbour,2016-09,34.9
CoffsHarbour,2016-10,26.1
CoffsHarbour,2016-11,106.39999999999999
CoffsHarbour,2016-12,63.6
CoffsHarbour,2017-01,151.0
CoffsHarbour,2017-02,114.3
CoffsHarbour,2017-03,570.4
CoffsHarbour,2017-04,89.8
CoffsHarbour,2017-05,87.3
CoffsHarbour,2017-06,295.0
Dartmoor,2015-01,73.2
Dartmoor,2015-02,6.2
Dartmoor,2015-03,40.4
Dartmoor,2015-04,46.199999999999996
Dartmoor,2015-05,95.6
Dartmoor,2015-06,64.4
Dartmoor,2015-07,91.8
Dartmoor,2015-08,43.6
Dartmoor,2015-09,54.0
Dartmoor,2015-10,11.2
Dartmoor,2015-11,22.6
Dartmoor,2015-12,15.399999999999999
Dartmoor,2016-01,17.6
Dartmoor,2016-02,41.2
Dartmoor,2016-03,28.6
Dartmoor,2016-04,34.0
Dartmoor,2016-05,100.39999999999999
Dartmoor,2016-06,151.6
Dartmoor,2016-07,127.6
Dartmoor,2016-08,86.2
Dartmoor,2016-09,109.2
Dartmoor,2016-10,72.6
Dartmoor,2016-11,46.8
Dartmoor,2016-12,51.800000000000004
Dartmoor,2017-01,47.4
Dartmoor,2017-02,44.199999999999996
Dartmoor,2017-03,50.0
Dartmoor,2017-04,84.4
Dartmoor,2017-05,62.800000000000004
Dartmoor,2017-06,13.4
Darwin,2015-01,484.6
Darwin,2015-02,353.2
Darwin,2015-03,230.79999999999998
Darwin,2015-04,21.200000000000003
Darwin,2015-05,13.8
Darwin,2015-06,0.4
Darwin,2015-07,0.0
Darwin,2015-08,0.2
Darwin,2015-09,3.4000000000000004
Darwin,2015-10,42.6
Darwin,2015-11,84.2
Darwin,2015-12,509.4
Darwin,2016-01,169.8
Darwin,2016-02,150.4
Darwin,2016-03,115.8
Darwin,2016-04,46.4
Darwin,2016-05,62.4
Darwin,2016-06,0.0
Darwin,2016-07,0.0
Darwin,2016-08,0.0
Darwin,2016-09,64.4
Darwin,2016-10,130.8
Darwin,2016-11,208.2
Darwin,2016-12,406.8
Darwin,2017-01,470.59999999999997
Darwin,2017-02,624.8
Darwin,2017-03,458.4
Darwin,2017-04,184.79999999999998
Darwin,2017-05,0.4
Darwin,2017-06,0.0
GoldCoast,2015-01,388.20000000000005
GoldCoast,2015-02,345.2
GoldCoast,2015-03,83.8
GoldCoast,2015-04,303.6
GoldCoast,2015-05,103.6
GoldCoast,2015-06,88.8
GoldCoast,2015-07,77.60000000000001
GoldCoast,2015-08,36.0
GoldCoast,2015-09,41.0
GoldCoast,2015-10,27.599999999999998
GoldCoast,2015-11,87.4
GoldCoast,2015-12,70.4
GoldCoast,2016-01,67.2
GoldCoast,2016-02,58.800000000000004
GoldCoast,2016-03,68.60000000000001
GoldCoast,2016-04,107.0
GoldCoast,2016-05,17.4
GoldCoast,2016-06,281.8
GoldCoast,2016-07,16.400000000000002
GoldCoast,2016-08,67.0
GoldCoast,2016-09,34.199999999999996
GoldCoast,2016-10,31.599999999999998
GoldCoast,2016-11,25.8
GoldCoast,2016-12,56.6
GoldCoast,2017-01,119.6
GoldCoast,2017-02,23.4
GoldCoast,2017-03,394.0
GoldCoast,2017-04,35.400000000000006
GoldCoast,2017-05,77.8
GoldCoast,2017-06,124.4
Hobart,2015-01,121.6
Hobart,2015-02,21.6
Hobart,2015-03,51.2
Hobart,2015-04,12.4
Hobart,2015-05,75.8
Hobart,2015-06,44.2
Hobart,2015-07,23.0
Hobart,2015-08,63.800000000000004
Hobart,2015-09,25.0
Hobart,2015-10,14.4
Hobart,2015-11,40.4
Hobart,2015-12,35.0
Hobart,2016-01,40.2
Hobart,2016-02,21.8
Hobart,2016-03,17.0
Hobart,2016-04,8.8
Hobart,2016-05,96.0
Hobart,2016-06,115.4
Hobart,2016-07,79.2
Hobart,2016-08,15.799999999999999
Hobart,2016-09,94.19999999999999
Hobart,2016-10,83.4
Hobart,2016-11,65.2
Hobart,2016-12,56.6
Hobart,2017-01,60.0
Hobart,2017-02,10.4
Hobart,2017-03,37.0
Hobart,2017-04,21.599999999999998
Hobart,2017-05,28.4
Hobart,2017-06,5.0
Katherine,2015-01,209.2
Katherine,2015-02,107.4
Katherine,2015-03,134.0
Katherine,2015-04,0.0
Katherine,2015-05,8.2
Katherine,2015-06,0.0
Katherine,2015-07,0.0
Katherine,2015-08,0.0
Katherine,2015-09,0.0
Katherine,2015-10,0.0
Katherine,2015-11,97.2
Katherine,2015-12,596.6
Katherine,2016-01,251.5
Katherine,2016-02,112.8
Katherine,2016-03,100.6
Katherine,2016-04,18.8
Katherine,2016-05,44.6
Katherine,2016-06,0.0
Katherine,2016-07,5.2
Katherine,2016-08,0.0
Katherine,2016-09,58.0
Katherine,2016-10,4.4
Katherine,2016-11,40.5
Katherine,2016-12,122.4
Katherine,2017-01,470.40000000000003
Katherine,2017-02,322.4
Katherine,2017-03,318.8
Katherine,2017-04,22.2
Katherine,2017-05,0.0
Katherine,2017-06,0.0
Launceston,2015-01,64.6
Launceston,2015-02,20.2
Launceston,2015-03,58.4
Launceston,2015-04,24.3
Launceston,2015-05,89.3
Launceston,2015-06,44.4
Launceston,2015-07,67.5
Launceston,2015-08,47.1
Launceston,2015-09,28.3
Launceston,2015-10,1.4
Launceston,2015-11,36.0
Launceston,2015-12,28.299999999999997
Launceston,2016-01,153.8
Launceston,2016-02,24.599999999999998
Launceston,2016-03,49.5
Launceston,2016-04,27.6
Launceston,2016-05,133.7
Launceston,2016-06,134.5
Launceston,2016-07,140.9
Launceston,2016-08,64.6
Launceston,2016-09,81.2
Launceston,2016-10,73.7
Launceston,2016-11,55.2
Launceston,2016-12,70.9
Launceston,2017-01,44.6
Launceston,2017-02,12.0
Launceston,2017-03,19.6
Launceston,2017-04,35.2
Launceston,2017-05,85.4
Launceston,2017-06,20.0
Melbourne,2015-01,5.6000000000000005
Melbourne,2015-02,0.0
Melbourne,2015-03,0.0
Melbourne,2015-04,0.0
Melbourne,2015-05,0.0
Melbourne,2015-06,0.0
Melbourne,2015-07,0.0
Melbourne,2015-08,0.0
Melbourne,2015-09,0.0
Melbourne,2015-10,0.0
Melbourne,2015-11,0.0
Melbourne,2015-12,0.0
Melbourne,2016-01,0.0
Melbourne,2016-02,0.0
Melbourne,2016-03,0.0
Melbourne,2016-04,0.0
Melbourne,2016-05,57.0
Melbourne,2016-06,54.4
Melbourne,2016-07,64.2
Melbourne,2016-08,61.2
Melbourne,2016-09,87.2
Melbourne,2016-10,63.4
Melbourne,2016-11,31.4
Melbourne,2016-12,39.599999999999994
Melbourne,2017-01,31.6
Melbourne,2017-02,40.199999999999996
Melbourne,2017-03,26.400000000000002
Melbourne,2017-04,123.4
Melbourne,2017-05,25.0
Melbourne,2017-06,11.0
MelbourneAirport,2015-01,30.0
MelbourneAirport,2015-02,38.8
MelbourneAirport,2015-03,22.2
MelbourneAirport,2015-04,35.199999999999996
MelbourneAirport,2015-05,25.4
MelbourneAirport,2015-06,23.4
MelbourneAirport,2015-07,63.6
MelbourneAirport,2015-08,19.4
MelbourneAirport,2015-09,27.799999999999997
MelbourneAirport,2015-10,16.6
MelbourneAirport,2015-11,54.2
MelbourneAirport,2015-12,44.800000000000004
MelbourneAirport,2016-01,44.8
MelbourneAirport,2016-02,4.4
MelbourneAirport,2016-03,27.2
MelbourneAirport,2016-04,36.4
MelbourneAirport,2016-05,47.0
MelbourneAirport,2016-06,66.4
MelbourneAirport,2016-07,63.4
MelbourneAirport,2016-08,30.599999999999998
MelbourneAirport,2016-09,99.8
MelbourneAirport,2016-10,77.39999999999999
MelbourneAirport,2016-11,39.8
MelbourneAirport,2016-12,77.4
MelbourneAirport,2017-01,25.6
MelbourneAirport,2017-02,32.4
MelbourneAirport,2017-03,33.4
MelbourneAirport,2017-04,98.2
MelbourneAirport,2017-05,20.0
MelbourneAirport,2017-06,14.8
Mildura,2015-01,57.0
Mildura,2015-02,0.6
Mildura,2015-03,0.0
Mildura,2015-04,93.0
Mildura,2015-05,10.2
Mildura,2015-06,30.6
Mildura,2015-07,14.3
Mildura,2015-08,12.8
Mildura,2015-09,13.600000000000001
Mildura,2015-10,5.1
Mildura,2015-11,6.4
Mildura,2015-12,1.6
Mildura,2016-01,68.2
Mildura,2016-02,0.2
Mildura,2016-03,0.4
Mildura,2016-04,3.0
Mildura,2016-05,43.4
Mildura,2016-06,18.2
Mildura,2016-07,19.2
Mildura,2016-08,30.799999999999997
Mildura,2016-09,93.6
Mildura,2016-10,24.8
Mildura,2016-11,51.2
Mildura,2016-12,5.6
Mildura,2017-01,29.4
Mildura,2017-02,5.2
Mildura,2017-03,4.2
Mildura,2017-04,44.0
Mildura,2017-05,19.6
Mildura,2017-06,1.8
Moree,2015-01,104.8
Moree,2015-02,4.4
Moree,2015-03,60.0
Moree,2015-04,62.6
Moree,2015-05,33.0
Moree,2015-06,62.4
Moree,2015-07,35.0
Moree,2015-08,10.6
Moree,2015-09,4.0
Moree,2015-10,9.6
Moree,2015-11,74.2
Moree,2015-12,61.2
Moree,2016-01,86.0
Moree,2016-02,3.2
Moree,2016-03,8.0
Moree,2016-04,13.6
Moree,2016-05,34.8
Moree,2016-06,63.199999999999996
Moree,2016-07,14.599999999999998
Moree,2016-08,50.0
Moree,2016-09,138.6
Moree,2016-10,56.8
Moree,2016-11,23.200000000000003
Moree,2016-12,35.199999999999996
Moree,2017-01,19.4
Moree,2017-02,12.6
Moree,2017-03,156.2
Moree,2017-04,22.6
Moree,2017-05,52.199999999999996
Moree,2017-06,2.8
MountGambier,2015-01,45.4
MountGambier,2015-02,4.0
MountGambier,2015-03,31.4
MountGambier,2015-04,61.599999999999994
MountGambier,2015-05,94.6
MountGambier,2015-06,41.8
MountGambier,2015-07,91.39999999999999
MountGambier,2015-08,57.800000000000004
MountGambier,2015-09,53.0
MountGambier,2015-10,3.6
MountGambier,2015-11,23.2
MountGambier,2015-12,11.8
MountGambier,2016-01,13.200000000000001
MountGambier,2016-02,48.4
MountGambier,2016-03,28.4
MountGambier,2016-04,31.4
MountGambier,2016-05,106.6
MountGambier,2016-06,163.0
MountGambier,2016-07,153.4
MountGambier,2016-08,80.60000000000001
MountGambier,2016-09,110.4
MountGambier,2016-10,71.0
MountGambier,2016-11,49.599999999999994
MountGambier,2016-12,55.8
MountGambier,2017-01,53.8
MountGambier,2017-02,30.400000000000002
MountGambier,2017-03,74.8
MountGambier,2017-04,62.8
MountGambier,2017-05,86.0
MountGambier,2017-06,12.200000000000001
MountGinini,2015-01,100.6
MountGinini,2015-02,56.8
MountGinini,2015-03,6.8
MountGinini,2015-04,120.4
MountGinini,2015-05,51.4
MountGinini,2015-06,86.39999999999999
MountGinini,2015-07,99.6
MountGinini,2015-08,88.2
MountGinini,2015-09,19.2
MountGinini,2015-10,19.8
MountGinini,2015-11,135.2
MountGinini,2015-12,45.8
MountGinini,2016-01,145.4
MountGinini,2016-02,41.4
MountGinini,2016-03,54.8
MountGinini,2016-04,15.6
MountGinini,2016-05,106.39999999999999
MountGinini,2016-06,274.6
MountGinini,2016-07,197.0
MountGinini,2016-08,70.6
MountGinini,2016-09,241.2
MountGinini,2016-10,108.0
MountGinini,2016-11,57.8
MountGinini,2016-12,92.0
MountGinini,2017-01,30.799999999999997
MountGinini,2017-02,21.4
MountGinini,2017-03,63.6
MountGinini,2017-04,90.2
MountGinini,2017-05,116.8
MountGinini,2017-06,8.4
Newcastle,2015-01,149.2
Newcastle,2015-02,88.7
Newcastle,2015-03,70.4
Newcastle,2015-04,360.3
Newcastle,2015-05,132.9
Newcastle,2015-06,85.5
Newcastle,2015-07,25.6
Newcastle,2015-08,26.599999999999998
Newcastle,2015-09,127.8
Newcastle,2015-10,49.599999999999994
Newcastle,2015-11,90.0
Newcastle,2015-12,99.6
Newcastle,2016-01,429.40000000000003
Newcastle,2016-02,49.5
Newcastle,2016-03,70.7
Newcastle,2016-04,64.2
Newcastle,2016-05,14.200000000000001
Newcastle,2016-06,201.4
Newcastle,2016-07,55.4
Newcastle,2016-08,51.9
Newcastle,2016-09,56.0
Newcastle,2016-10,53.4
Newcastle,2016-11,50.8
Newcastle,2016-12,48.6
Newcastle,2017-01,78.0
Newcastle,2017-02,58.9
Newcastle,2017-03,262.4
Newcastle,2017-04,106.60000000000001
Newcastle,2017-05,28.2
Newcastle,2017-06,155.6
Nhil,2015-01,70.8
Nhil,2015-02,11.200000000000001
Nhil,2015-03,2.8
Nhil,2015-04,16.0
Nhil,2015-05,22.4
Nhil,2015-06,24.2
Nhil,2015-07,21.2
Nhil,2015-08,9.4
Nhil,2015-09,25.2
Nhil,2015-10,5.2
Nhil,2015-11,19.0
Nhil,2015-12,10.2
Nhil,2016-01,37.0
Nhil,2016-02,15.2
Nhil,2016-03,34.6
Nhil,2016-04,6.6
Nhil,2016-05,41.0
Nhil,2016-06,43.4
Nhil,2016-07,61.8
Nhil,2016-08,33.6
Nhil,2016-09,93.4
Nhil,2016-10,59.0
Nhil,2016-11,13.599999999999998
Nhil,2016-12,32.0
Nhil,2017-01,23.2
Nhil,2017-02,19.199999999999996
Nhil,2017-03,14.6
Nhil,2017-04,41.0
Nhil,2017-05,64.0
Nhil,2017-06,2.8000000000000003
NorahHead,2015-01,167.8
NorahHead,2015-02,96.0
NorahHead,2015-03,98.6
NorahHead,2015-04,321.4
NorahHead,2015-05,118.0
NorahHead,2015-06,88.2
NorahHead,2015-07,41.6
NorahHead,2015-08,19.2
NorahHead,2015-09,92.8
NorahHead,2015-10,71.2
NorahHead,2015-11,110.4
NorahHead,2015-12,115.0
NorahHead,2016-01,232.2
NorahHead,2016-02,17.4
NorahHead,2016-03,154.4
NorahHead,2016-04,54.4
NorahHead,2016-05,12.8
NorahHead,2016-06,195.2
NorahHead,2016-07,82.60000000000001
NorahHead,2016-08,75.4
NorahHead,2016-09,69.2
NorahHead,2016-10,60.199999999999996
NorahHead,2016-11,35.199999999999996
NorahHead,2016-12,69.4
NorahHead,2017-01,49.800000000000004
NorahHead,2017-02,123.8
NorahHead,2017-03,283.6
NorahHead,2017-04,93.6
NorahHead,2017-05,41.8
NorahHead,2017-06,159.6
NorfolkIsland,2015-01,199.6
NorfolkIsland,2015-02,43.8
NorfolkIsland,2015-03,71.60000000000001
NorfolkIsland,2015-04,63.4
NorfolkIsland,2015-05,42.400000000000006
NorfolkIsland,2015-06,39.4
NorfolkIsland,2015-07,105.2
NorfolkIsland,2015-08,75.6
NorfolkIsland,2015-09,95.2
NorfolkIsland,2015-10,35.2
NorfolkIsland,2015-11,55.4
NorfolkIsland,2015-12,111.4
NorfolkIsland,2016-01,137.0
NorfolkIsland,2016-02,265.8
NorfolkIsland,2016-03,258.0
NorfolkIsland,2016-04,82.2
NorfolkIsland,2016-05,120.3
NorfolkIsland,2016-06,117.60000000000001
NorfolkIsland,2016-07,67.0
NorfolkIsland,2016-08,109.0
NorfolkIsland,2016-09,73.2
NorfolkIsland,2016-10,40.0
NorfolkIsland,2016-11,137.0
NorfolkIsland,2016-12,11.4
NorfolkIsland,2017-01,28.6
NorfolkIsland,2017-02,38.4
NorfolkIsland,2017-03,66.8
NorfolkIsland,2017-04,56.8
NorfolkIsland,2017-05,54.4
NorfolkIsland,2017-06,121.39999999999999
Nuriootpa,2015-01,30.8
Nuriootpa,2015-02,0.2
Nuriootpa,2015-03,8.0
Nuriootpa,2015-04,56.4
Nuriootpa,2015-05,35.6
Nuriootpa,2015-06,16.0
Nuriootpa,2015-07,55.1
Nuriootpa,2015-08,66.10000000000001
Nuriootpa,2015-09,34.0
Nuriootpa,2015-10,8.1
Nuriootpa,2015-11,30.7
Nuriootpa,2015-12,6.7
Nuriootpa,2016-01,30.0
Nuriootpa,2016-02,12.3
Nuriootpa,2016-03,45.599999999999994
Nuriootpa,2016-04,14.5
Nuriootpa,2016-05,88.2
Nuriootpa,2016-06,94.2
Nuriootpa,2016-07,86.60000000000001
Nuriootpa,2016-08,63.7
Nuriootpa,2016-09,181.1
Nuriootpa,2016-10,46.9
Nuriootpa,2016-11,23.5
Nuriootpa,2016-12,51.4
Nuriootpa,2017-01,39.1
Nuriootpa,2017-02,39.0
Nuriootpa,2017-03,10.2
Nuriootpa,2017-04,44.0
Nuriootpa,2017-05,19.8
Nuriootpa,2017-06,7.0
PearceRAAF,2015-01,1.2
PearceRAAF,2015-02,32.6
PearceRAAF,2015-03,26.8
PearceRAAF,2015-04,54.599999999999994
PearceRAAF,2015-05,58.4
PearceRAAF,2015-06,64.6
PearceRAAF,2015-07,97.8
PearceRAAF,2015-08,93.4
PearceRAAF,2015-09,32.8
PearceRAAF,2015-10,13.4
PearceRAAF,2015-11,9.6
PearceRAAF,2015-12,15.399999999999999
PearceRAAF,2016-01,20.200000000000003
PearceRAAF,2016-02,1.0
PearceRAAF,2016-03,101.8
PearceRAAF,2016-04,68.2
PearceRAAF,2016-05,90.2
PearceRAAF,2016-06,94.2
PearceRAAF,2016-07,119.2
PearceRAAF,2016-08,134.2
PearceRAAF,2016-09,50.199999999999996
PearceRAAF,2016-10,44.6
PearceRAAF,2016-11,7.4
PearceRAAF,2016-12,13.8
PearceRAAF,2017-01,54.6
PearceRAAF,2017-02,98.60000000000001
PearceRAAF,2017-03,39.8
PearceRAAF,2017-04,0.0
PearceRAAF,2017-05,41.2
PearceRAAF,2017-06,39.0
Penrith,2015-01,140.4
Penrith,2015-02,47.199999999999996
Penrith,2015-03,46.4
Penrith,2015-04,258.8
Penrith,2015-05,47.6
Penrith,2015-06,67.4
Penrith,2015-07,33.4
Penrith,2015-08,40.0
Penrith,2015-09,15.8
Penrith,2015-10,31.599999999999998
Penrith,2015-11,141.2
Penrith,2015-12,109.2
Penrith,2016-01,307.8
Penrith,2016-02,1.8
Penrith,2016-03,16.8
Penrith,2016-04,12.2
Penrith,2016-05,7.799999999999999
Penrith,2016-06,209.39999999999998
Penrith,2016-07,48.2
Penrith,2016-08,48.8
Penrith,2016-09,50.0
Penrith,2016-10,12.4
Penrith,2016-11,16.6
Penrith,2016-12,65.2
Penrith,2017-01,28.2
Penrith,2017-02,69.8
Penrith,2017-03,230.2
Penrith,2017-04,29.400000000000002
Penrith,2017-05,10.2
Penrith,2017-06,27.4
Perth,2015-01,18.6
Perth,2015-02,23.400000000000002
Perth,2015-03,15.599999999999998
Perth,2015-04,54.0
Perth,2015-05,83.8
Perth,2015-06,100.4
Perth,2015-07,102.39999999999999
Perth,2015-08,113.0
Perth,2015-09,52.0
Perth,2015-10,20.6
Perth,2015-11,20.4
Perth,2015-12,13.6
Perth,2016-01,15.2
Perth,2016-02,0.6000000000000001
Perth,2016-03,16.799999999999997
Perth,2016-04,68.2
Perth,2016-05,112.0
Perth,2016-06,109.4
Perth,2016-07,139.6
Perth,2016-08,123.2
Perth,2016-09,68.8
Perth,2016-10,37.4
Perth,2016-11,14.4
Perth,2016-12,10.2
Perth,2017-01,45.400000000000006
Perth,2017-02,137.20000000000002
Perth,2017-03,23.6
Perth,2017-04,0.0
Perth,2017-05,70.8
Perth,2017-06,88.0
PerthAirport,2015-01,0.4
PerthAirport,2015-02,28.4
PerthAirport,2015-03,22.0
PerthAirport,2015-04,56.0
PerthAirport,2015-05,68.8
PerthAirport,2015-06,100.19999999999999
PerthAirport,2015-07,98.8
PerthAirport,2015-08,102.80000000000001
PerthAirport,2015-09,46.8
PerthAirport,2015-10,19.2
PerthAirport,2015-11,17.400000000000002
PerthAirport,2015-12,17.400000000000002
PerthAirport,2016-01,23.4
PerthAirport,2016-02,0.8
PerthAirport,2016-03,21.4
PerthAirport,2016-04,61.6
PerthAirport,2016-05,106.0
PerthAirport,2016-06,86.4
PerthAirport,2016-07,129.4
PerthAirport,2016-08,131.6
PerthAirport,2016-09,61.8
PerthAirport,2016-10,37.8
PerthAirport,2016-11,5.6
PerthAirport,2016-12,8.6
PerthAirport,2017-01,39.8
PerthAirport,2017-02,89.8
PerthAirport,2017-03,19.8
PerthAirport,2017-04,0.0
PerthAirport,2017-05,53.6
PerthAirport,2017-06,52.4
Portland,2015-01,55.8
Portland,2015-02,5.0
Portland,2015-03,66.4
Portland,2015-04,61.2
Portland,2015-05,118.8
Portland,2015-06,69.0
Portland,2015-07,107.2
Portland,2015-08,68.0
Portland,2015-09,59.4
Portland,2015-10,7.0
Portland,2015-11,29.2
Portland,2015-12,27.8
Portland,2016-01,27.4
Portland,2016-02,81.4
Portland,2016-03,29.799999999999997
Portland,2016-04,41.6
Portland,2016-05,144.4
Portland,2016-06,120.0
Portland,2016-07,168.2
Portland,2016-08,109.2
Portland,2016-09,161.2
Portland,2016-10,114.8
Portland,2016-11,67.4
Portland,2016-12,51.6
Portland,2017-01,49.599999999999994
Portland,2017-02,39.0
Portland,2017-03,60.6
Portland,2017-04,103.6
Portland,2017-05,80.0
Portland,2017-06,36.2
Richmond,2015-01,139.0
Richmond,2015-02,99.2
Richmond,2015-03,25.4
Richmond,2015-04,353.0
Richmond,2015-05,63.2
Richmond,2015-06,63.2
Richmond,2015-07,24.2
Richmond,2015-08,19.200000000000003
Richmond,2015-09,17.6
Richmond,2015-10,19.0
Richmond,2015-11,116.0
Richmond,2015-12,78.8
Richmond,2016-01,266.4
Richmond,2016-02,14.200000000000001
Richmond,2016-03,12.8
Richmond,2016-04,8.6
Richmond,2016-05,4.2
Richmond,2016-06,189.2
Richmond,2016-07,57.2
Richmond,2016-08,61.6
Richmond,2016-09,55.4
Richmond,2016-10,13.6
Richmond,2016-11,40.6
Richmond,2016-12,78.39999999999999
Richmond,2017-01,21.8
Richmond,2017-02,72.0
Richmond,2017-03,286.8
Richmond,2017-04,24.200000000000003
Richmond,2017-05,15.4
Richmond,2017-06,118.6
Sale,2015-01,38.2
Sale,2015-02,57.8
Sale,2015-03,24.4
Sale,2015-04,100.8
Sale,2015-05,24.2
Sale,2015-06,30.8
Sale,2015-07,26.2
Sale,2015-08,90.0
Sale,2015-09,13.6
Sale,2015-10,21.0
Sale,2015-11,44.2
Sale,2015-12,46.6
Sale,2016-01,104.8
Sale,2016-02,6.2
Sale,2016-03,60.6
Sale,2016-04,26.0
Sale,2016-05,37.8
Sale,2016-06,73.0
Sale,2016-07,102.4
Sale,2016-08,26.2
Sale,2016-09,36.0
Sale,2016-10,63.4
Sale,2016-11,53.4
Sale,2016-12,23.6
Sale,2017-01,11.6
Sale,2017-02,29.4
Sale,2017-03,22.6
Sale,2017-04,51.0
Sale,2017-05,15.0
Sale,2017-06,9.8
SalmonGums,2015-01,3.0
SalmonGums,2015-02,5.4
SalmonGums,2015-03,37.0
SalmonGums,2015-04,42.6
SalmonGums,2015-05,9.4
SalmonGums,2015-06,67.6
SalmonGums,2015-07,34.4
SalmonGums,2015-08,91.2
SalmonGums,2015-09,18.8
SalmonGums,2015-10,20.8
SalmonGums,2015-11,25.8
SalmonGums,2015-12,17.2
SalmonGums,2016-01,38.6
SalmonGums,2016-02,14.4
SalmonGums,2016-03,51.8
SalmonGums,2016-04,32.8
SalmonGums,2016-05,35.6
SalmonGums,2016-06,57.2
SalmonGums,2016-07,32.6
SalmonGums,2016-08,53.6
SalmonGums,2016-09,27.0
SalmonGums,2016-10,11.6
SalmonGums,2016-11,3.4
SalmonGums,2016-12,17.2
SalmonGums,2017-01,43.8
SalmonGums,2017-02,142.2
SalmonGums,2017-03,31.8
SalmonGums,2017-04,9.6
SalmonGums,2017-05,51.0
SalmonGums,2017-06,10.0
Sydney,2015-01,165.8
Sydney,2015-02,59.0
Sydney,2015-03,65.2
Sydney,2015-04,366.8
Sydney,2015-05,109.8
Sydney,2015-06,110.6
Sydney,2015-07,47.0
Sydney,2015-08,71.8
Sydney,2015-09,80.0
Sydney,2015-10,43.0
Sydney,2015-11,122.6
Sydney,2015-12,96.60000000000001
Sydney,2016-01,249.8
Sydney,2016-02,25.8
Sydney,2016-03,193.2
Sydney,2016-04,155.0
Sydney,2016-05,7.2
Sydney,2016-06,305.0
Sydney,2016-07,104.6
Sydney,2016-08,151.4
Sydney,2016-09,70.0
Sydney,2016-10,31.400000000000002
Sydney,2016-11,27.2
Sydney,2016-12,65.0
Sydney,2017-01,48.400000000000006
Sydney,2017-02,205.2
Sydney,2017-03,326.6
Sydney,2017-04,82.6
Sydney,2017-05,30.0
Sydney,2017-06,173.0
SydneyAirport,2015-01,120.0
SydneyAirport,2015-02,48.0
SydneyAirport,2015-03,52.8
SydneyAirport,2015-04,343.59999999999997
SydneyAirport,2015-05,89.8
SydneyAirport,2015-06,94.8
SydneyAirport,2015-07,48.4
SydneyAirport,2015-08,60.00000000000001
SydneyAirport,2015-09,67.2
SydneyAirport,2015-10,29.4
SydneyAirport,2015-11,84.2
SydneyAirport,2015-12,67.2
SydneyAirport,2016-01,262.8
SydneyAirport,2016-02,40.4
SydneyAirport,2016-03,155.8
SydneyAirport,2016-04,81.0
SydneyAirport,2016-05,13.399999999999999
SydneyAirport,2016-06,279.4
SydneyAirport,2016-07,114.2
SydneyAirport,2016-08,131.4
SydneyAirport,2016-09,67.8
SydneyAirport,2016-10,34.2
SydneyAirport,2016-11,26.8
SydneyAirport,2016-12,58.4
SydneyAirport,2017-01,48.4
SydneyAirport,2017-02,158.0
SydneyAirport,2017-03,232.2
SydneyAirport,2017-04,94.4
SydneyAirport,2017-05,31.799999999999997
SydneyAirport,2017-06,106.4
Townsville,2015-01,185.0
Townsville,2015-02,31.8
Townsville,2015-03,5.2
Townsville,2015-04,14.600000000000001
Townsville,2015-05,1.0
Townsville,2015-06,15.399999999999999
Townsville,2015-07,0.2
Townsville,2015-08,3.2
Townsville,2015-09,0.6000000000000001
Townsville,2015-10,4.0
Townsville,2015-11,26.0
Townsville,2015-12,110.6
Townsville,2016-01,76.6
Townsville,2016-02,94.60000000000001
Townsville,2016-03,558.0
Townsville,2016-04,21.0
Townsville,2016-05,0.4
Townsville,2016-06,59.0
Townsville,2016-07,53.2
Townsville,2016-08,21.0
Townsville,2016-09,17.4
Townsville,2016-10,8.2
Townsville,2016-11,11.0
Townsville,2016-12,31.0
Townsville,2017-01,164.20000000000002
Townsville,2017-02,139.2
Townsville,2017-03,166.0
Townsville,2017-04,20.6
Townsville,2017-05,166.4
Townsville,2017-06,0.6
Tuggeranong,2015-01,144.6
Tuggeranong,2015-02,55.2
Tuggeranong,2015-03,11.8
Tuggeranong,2015-04,96.8
Tuggeranong,2015-05,14.799999999999999
Tuggeranong,2015-06,83.39999999999999
Tuggeranong,2015-07,49.4
Tuggeranong,2015-08,79.2
Tuggeranong,2015-09,9.6
Tuggeranong,2015-10,31.4
Tuggeranong,2015-11,113.8
Tuggeranong,2015-12,30.8
Tuggeranong,2016-01,108.4
Tuggeranong,2016-02,31.4
Tuggeranong,2016-03,54.4
Tuggeranong,2016-04,6.6
Tuggeranong,2016-05,37.199999999999996
Tuggeranong,2016-06,184.0
Tuggeranong,2016-07,64.4
Tuggeranong,2016-08,38.2
Tuggeranong,2016-09,151.0
Tuggeranong,2016-10,40.400000000000006
Tuggeranong,2016-11,53.4
Tuggeranong,2016-12,93.4
Tuggeranong,2017-01,10.6
Tuggeranong,2017-02,23.0
Tuggeranong,2017-03,114.8
Tuggeranong,2017-04,32.4
Tuggeranong,2017-05,61.0
Tuggeranong,2017-06,1.4000000000000001
Uluru,2015-01,26.2
Uluru,2015-02,5.4
Uluru,2015-03,0.2
Uluru,2015-04,1.2
Uluru,2015-05,15.600000000000001
Uluru,2015-06,0.0
Uluru,2015-07,9.2
Uluru,2015-08,1.4
Uluru,2015-09,0.6000000000000001
Uluru,2015-10,1.4
Uluru,2015-11,0.8
Uluru,2015-12,31.2
Uluru,2016-01,2.2
Uluru,2016-02,70.2
Uluru,2016-03,29.000000000000004
Uluru,2016-04,0.2
Uluru,2016-05,74.6
Uluru,2016-06,72.4
Uluru,2016-07,21.400000000000002
Uluru,2016-08,29.0
Uluru,2016-09,15.600000000000001
Uluru,2016-10,2.0
Uluru,2016-11,1.4
Uluru,2016-12,214.8
Uluru,2017-01,66.8
Uluru,2017-02,19.2
Uluru,2017-03,0.0
Uluru,2017-04,57.8
Uluru,2017-05,0.4
Uluru,2017-06,0.0
WaggaWagga,2015-01,93.6
WaggaWagga,2015-02,13.600000000000001
WaggaWagga,2015-03,1.8
WaggaWagga,2015-04,57.800000000000004
WaggaWagga,2015-05,25.4
WaggaWagga,2015-06,100.0
WaggaWagga,2015-07,69.2
WaggaWagga,2015-08,89.39999999999999
WaggaWagga,2015-09,20.8
WaggaWagga,2015-10,17.2
WaggaWagga,2015-11,121.6
WaggaWagga,2015-12,37.6
WaggaWagga,2016-01,55.2
WaggaWagga,2016-02,16.2
WaggaWagga,2016-03,33.4
WaggaWagga,2016-04,10.8
WaggaWagga,2016-05,110.60000000000001
WaggaWagga,2016-06,84.6
WaggaWagga,2016-07,92.60000000000001
WaggaWagga,2016-08,58.8
WaggaWagga,2016-09,171.0
WaggaWagga,2016-10,64.0
WaggaWagga,2016-11,25.0
WaggaWagga,2016-12,42.2
WaggaWagga,2017-01,27.8
WaggaWagga,2017-02,18.0
WaggaWagga,2017-03,44.800000000000004
WaggaWagga,2017-04,32.4
WaggaWagga,2017-05,20.2
WaggaWagga,2017-06,2.8000000000000003
Walpole,2015-01,6.6000000000000005
Walpole,2015-02,11.600000000000001
Walpole,2015-03,40.0
Walpole,2015-04,108.0
Walpole,2015-05,106.00000000000001
Walpole,2015-06,132.6
Walpole,2015-07,150.8
Walpole,2015-08,149.20000000000002
Walpole,2015-09,79.0
Walpole,2015-10,76.0
Walpole,2015-11,27.599999999999998
Walpole,2015-12,51.599999999999994
Walpole,2016-01,89.6
Walpole,2016-02,41.4
Walpole,2016-03,33.4
Walpole,2016-04,134.8
Walpole,2016-05,151.0
Walpole,2016-06,144.79999999999998
Walpole,2016-07,194.4
Walpole,2016-08,187.6
Walpole,2016-09,142.8
Walpole,2016-10,89.6
Walpole,2016-11,24.400000000000002
Walpole,2016-12,52.8
Walpole,2017-01,12.6
Walpole,2017-02,44.8
Walpole,2017-03,90.8
Walpole,2017-04,28.0
Walpole,2017-05,115.8
Walpole,2017-06,83.8
Watsonia,2015-01,30.799999999999997
Watsonia,2015-02,43.8
Watsonia,2015-03,28.6
Watsonia,2015-04,44.0
Watsonia,2015-05,46.6
Watsonia,2015-06,35.2
Watsonia,2015-07,68.0
Watsonia,2015-08,46.0
Watsonia,2015-09,33.6
Watsonia,2015-10,19.0
Watsonia,2015-11,36.0
Watsonia,2015-12,42.6
Watsonia,2016-01,38.199999999999996
Watsonia,2016-02,9.4
Watsonia,2016-03,27.6
Watsonia,2016-04,51.0
Watsonia,2016-05,53.4
Watsonia,2016-06,71.8
Watsonia,2016-07,63.6
Watsonia,2016-08,55.199999999999996
Watsonia,2016-09,94.6
Watsonia,2016-10,91.6
Watsonia,2016-11,61.0
Watsonia,2016-12,103.2
Watsonia,2017-01,35.599999999999994
Watsonia,2017-02,48.4
Watsonia,2017-03,29.2
Watsonia,2017-04,118.0
Watsonia,2017-05,24.4
Watsonia,2017-06,16.2
Williamtown,2015-01,118.60000000000001
Williamtown,2015-02,60.60000000000001
Williamtown,2015-03,58.4
Williamtown,2015-04,364.0
Williamtown,2015-05,152.4
Williamtown,2015-06,102.8
Williamtown,2015-07,44.0
Williamtown,2015-08,30.2
Williamtown,2015-09,147.0
Williamtown,2015-10,58.6
Williamtown,2015-11,61.6
Williamtown,2015-12,123.0
Williamtown,2016-01,422.40000000000003
Williamtown,2016-02,32.4
Williamtown,2016-03,40.8
Williamtown,2016-04,150.8
Williamtown,2016-05,11.2
Williamtown,2016-06,156.9
Williamtown,2016-07,52.6
Williamtown,2016-08,55.8
Williamtown,2016-09,49.800000000000004
Williamtown,2016-10,74.6
Williamtown,2016-11,40.8
Williamtown,2016-12,59.0
Williamtown,2017-01,62.2
Williamtown,2017-02,59.0
Williamtown,2017-03,232.39999999999998
Williamtown,2017-04,118.6
Williamtown,2017-05,11.600000000000001
Williamtown,2017-06,231.4
Witchcliffe,2015-01,0.2
Witchcliffe,2015-02,12.6
Witchcliffe,2015-03,42.0
Witchcliffe,2015-04,119.2
Witchcliffe,2015-05,133.2
Witchcliffe,2015-06,100.2
Witchcliffe,2015-07,146.0
Witchcliffe,2015-08,128.8
Witchcliffe,2015-09,78.39999999999999
Witchcliffe,2015-10,52.6
Witchcliffe,2015-11,9.6
Witchcliffe,2015-12,13.6
Witchcliffe,2016-01,21.8
Witchcliffe,2016-02,9.4
Witchcliffe,2016-03,15.999999999999998
Witchcliffe,2016-04,48.6
Witchcliffe,2016-05,193.4
Witchcliffe,2016-06,214.2
Witchcliffe,2016-07,242.0
Witchcliffe,2016-08,227.8
Witchcliffe,2016-09,122.2
Witchcliffe,2016-10,85.6
Witchcliffe,2016-11,15.399999999999999
Witchcliffe,2016-12,25.799999999999997
Witchcliffe,2017-01,4.6
Witchcliffe,2017-02,21.0
Witchcliffe,2017-03,89.8
Witchcliffe,2017-04,7.2
Witchcliffe,2017-05,115.2
Witchcliffe,2017-06,94.0
Wollongong,2015-01,170.8
Wollongong,2015-02,96.2
Wollongong,2015-03,71.8
Wollongong,2015-04,301.8
Wollongong,2015-05,113.2
Wollongong,2015-06,58.400000000000006
Wollongong,2015-07,53.8
Wollongong,2015-08,245.2
Wollongong,2015-09,52.6
Wollongong,2015-10,26.4
Wollongong,2015-11,173.0
Wollongong,2015-12,100.0
Wollongong,2016-01,177.8
Wollongong,2016-02,49.599999999999994
Wollongong,2016-03,204.2
Wollongong,2016-04,54.6
Wollongong,2016-05,9.8
Wollongong,2016-06,436.59999999999997
Wollongong,2016-07,108.0
Wollongong,2016-08,112.0
Wollongong,2016-09,47.400000000000006
Wollongong,2016-10,6.2
Wollongong,2016-11,28.6
Wollongong,2016-12,47.6
Wollongong,2017-01,36.0
Wollongong,2017-02,131.2
Wollongong,2017-03,368.6
Wollongong,2017-04,76.2
Wollongong,2017-05,30.2
Wollongong,2017-06,75.2
Woomera,2015-01,88.8
Woomera,2015-02,0.0
Woomera,2015-03,0.0
Woomera,2015-04,23.799999999999997
Woomera,2015-05,0.2
Woomera,2015-06,8.200000000000001
Woomera,2015-07,3.0
Woomera,2015-08,14.600000000000001
Woomera,2015-09,3.8
Woomera,2015-10,1.0
Woomera,2015-11,11.4
Woomera,2015-12,3.8
Woomera,2016-01,0.4
Woomera,2016-02,15.2
Woomera,2016-03,24.0
Woomera,2016-04,1.0
Woomera,2016-05,29.3
Woomera,2016-06,56.7
Woomera,2016-07,6.9
Woomera,2016-08,27.6
Woomera,2016-09,45.0
Woomera,2016-10,10.4
Woomera,2016-11,0.5
Woomera,2016-12,14.899999999999999
Woomera,2017-01,51.6
Woomera,2017-02,0.0
Woomera,2017-03,0.0
Woomera,2017-04,40.7
Woomera,2017-05,10.6
Woomera,2017-06,0.2
